﻿[
  {
    "key": "s1",
    "action": "UploadDeviceInfo",
    "name": "FrontInfo",
    "data": {
      "Method": "FrontInfo",
      "Parameter": {
        "DeviceType": "Wardrobe",
        "DeviceVersion": "1",
        "DeviceID": "FYG1"
      }
    }
  },
  {
    "key": "s2",
    "action": "UploadCardInfo",
    "name": "ReadCard/Admin",
    "data": {
      "Method": "ReadCard",
      "Parameter": {
        "CardID": "123456",
        "ReadStyle": "0"
      }
    }
  },
  {
    "key": "s3",
    "action": "UploadCardInfo",
    "name": "ReadCard/General",
    "data": {
      "Method": "ReadCard",
      "Parameter": {
        "CardID": "ceshi",
        "ReadStyle": "0"
      }
    }
  },
  {
    "key": "s4",
    "action": "ResetDevice",
    "name": "LoadingSuccessReturn",
    "data": {
      "Method": "LoadingSuccessReturn",
      "Parameter": null
    }
  },
  {
    "key": "s5",
    "action": "StateReport",
    "name": "DeliveryReturn",
    "data": {
      "Method": "DeliveryReturn",
      "Parameter": {
        "Code": "0",
        "RFIDs": [ "001", "002" ]
      }
    }
  }
]